{"Version":1,"ManifestType":"Publish","Endpoints":[{"Route":"app.js","AssetFile":"app.js","Selectors":[],"ResponseHeaders":[{"Name":"Accept-Ranges","Value":"bytes"},{"Name":"Cache-Control","Value":"no-cache"},{"Name":"Content-Length","Value":"7079"},{"Name":"Content-Type","Value":"text/javascript"},{"Name":"ETag","Value":"\"u7vZuVAGrZPoZ1+7bOGZQpg42wPWsiQ9D85rL/lVDrI=\""},{"Name":"Last-Modified","Value":"Thu, 04 Sep 2025 01:35:38 GMT"}],"EndpointProperties":[{"Name":"integrity","Value":"sha256-u7vZuVAGrZPoZ1+7bOGZQpg42wPWsiQ9D85rL/lVDrI="}]},{"Route":"app.min.js","AssetFile":"app.min.js","Selectors":[],"ResponseHeaders":[{"Name":"Accept-Ranges","Value":"bytes"},{"Name":"Cache-Control","Value":"no-cache"},{"Name":"Content-Length","Value":"2993"},{"Name":"Content-Type","Value":"text/javascript"},{"Name":"ETag","Value":"\"RQUBuXwQqt2joOV5eR/CHRvd6M9iQLFrp19zNsps0NE=\""},{"Name":"Last-Modified","Value":"Thu, 04 Sep 2025 02:47:34 GMT"}],"EndpointProperties":[{"Name":"integrity","Value":"sha256-RQUBuXwQqt2joOV5eR/CHRvd6M9iQLFrp19zNsps0NE="}]},{"Route":"app.min.v7iqohel2k.js","AssetFile":"app.min.js","Selectors":[],"ResponseHeaders":[{"Name":"Accept-Ranges","Value":"bytes"},{"Name":"Cache-Control","Value":"max-age=31536000, immutable"},{"Name":"Content-Length","Value":"2993"},{"Name":"Content-Type","Value":"text/javascript"},{"Name":"ETag","Value":"\"RQUBuXwQqt2joOV5eR/CHRvd6M9iQLFrp19zNsps0NE=\""},{"Name":"Last-Modified","Value":"Thu, 04 Sep 2025 02:47:34 GMT"}],"EndpointProperties":[{"Name":"fingerprint","Value":"v7iqohel2k"},{"Name":"integrity","Value":"sha256-RQUBuXwQqt2joOV5eR/CHRvd6M9iQLFrp19zNsps0NE="},{"Name":"label","Value":"app.min.js"}]},{"Route":"app.xxklzt9bhv.js","AssetFile":"app.js","Selectors":[],"ResponseHeaders":[{"Name":"Accept-Ranges","Value":"bytes"},{"Name":"Cache-Control","Value":"max-age=31536000, immutable"},{"Name":"Content-Length","Value":"7079"},{"Name":"Content-Type","Value":"text/javascript"},{"Name":"ETag","Value":"\"u7vZuVAGrZPoZ1+7bOGZQpg42wPWsiQ9D85rL/lVDrI=\""},{"Name":"Last-Modified","Value":"Thu, 04 Sep 2025 01:35:38 GMT"}],"EndpointProperties":[{"Name":"fingerprint","Value":"xxklzt9bhv"},{"Name":"integrity","Value":"sha256-u7vZuVAGrZPoZ1+7bOGZQpg42wPWsiQ9D85rL/lVDrI="},{"Name":"label","Value":"app.js"}]},{"Route":"brand/logo-dark.lmj3w1r0jh.png","AssetFile":"brand/logo-dark.png","Selectors":[],"ResponseHeaders":[{"Name":"Accept-Ranges","Value":"bytes"},{"Name":"Cache-Control","Value":"max-age=31536000, immutable"},{"Name":"Content-Length","Value":"19039"},{"Name":"Content-Type","Value":"image/png"},{"Name":"ETag","Value":"\"HfqOMG5yTE02OVSAkjThMkWPNTP5HBsbwaTrPEM9a48=\""},{"Name":"Last-Modified","Value":"Wed, 03 Sep 2025 21:11:49 GMT"}],"EndpointProperties":[{"Name":"fingerprint","Value":"lmj3w1r0jh"},{"Name":"integrity","Value":"sha256-HfqOMG5yTE02OVSAkjThMkWPNTP5HBsbwaTrPEM9a48="},{"Name":"label","Value":"brand/logo-dark.png"}]},{"Route":"brand/logo-dark.png","AssetFile":"brand/logo-dark.png","Selectors":[],"ResponseHeaders":[{"Name":"Accept-Ranges","Value":"bytes"},{"Name":"Cache-Control","Value":"no-cache"},{"Name":"Content-Length","Value":"19039"},{"Name":"Content-Type","Value":"image/png"},{"Name":"ETag","Value":"\"HfqOMG5yTE02OVSAkjThMkWPNTP5HBsbwaTrPEM9a48=\""},{"Name":"Last-Modified","Value":"Wed, 03 Sep 2025 21:11:49 GMT"}],"EndpointProperties":[{"Name":"integrity","Value":"sha256-HfqOMG5yTE02OVSAkjThMkWPNTP5HBsbwaTrPEM9a48="}]},{"Route":"brand/logo-light.26wt9vofev.png","AssetFile":"brand/logo-light.png","Selectors":[],"ResponseHeaders":[{"Name":"Accept-Ranges","Value":"bytes"},{"Name":"Cache-Control","Value":"max-age=31536000, immutable"},{"Name":"Content-Length","Value":"19035"},{"Name":"Content-Type","Value":"image/png"},{"Name":"ETag","Value":"\"5vIwnEytdFrv7AeUVGaCPUyW0SzSu8FWNxQsnYjuxDg=\""},{"Name":"Last-Modified","Value":"Wed, 03 Sep 2025 21:11:49 GMT"}],"EndpointProperties":[{"Name":"fingerprint","Value":"26wt9vofev"},{"Name":"integrity","Value":"sha256-5vIwnEytdFrv7AeUVGaCPUyW0SzSu8FWNxQsnYjuxDg="},{"Name":"label","Value":"brand/logo-light.png"}]},{"Route":"brand/logo-light.png","AssetFile":"brand/logo-light.png","Selectors":[],"ResponseHeaders":[{"Name":"Accept-Ranges","Value":"bytes"},{"Name":"Cache-Control","Value":"no-cache"},{"Name":"Content-Length","Value":"19035"},{"Name":"Content-Type","Value":"image/png"},{"Name":"ETag","Value":"\"5vIwnEytdFrv7AeUVGaCPUyW0SzSu8FWNxQsnYjuxDg=\""},{"Name":"Last-Modified","Value":"Wed, 03 Sep 2025 21:11:49 GMT"}],"EndpointProperties":[{"Name":"integrity","Value":"sha256-5vIwnEytdFrv7AeUVGaCPUyW0SzSu8FWNxQsnYjuxDg="}]},{"Route":"brand/snapstep_by_minatolabs_nobg.mm7kbuecu7.png","AssetFile":"brand/snapstep_by_minatolabs_nobg.png","Selectors":[],"ResponseHeaders":[{"Name":"Accept-Ranges","Value":"bytes"},{"Name":"Cache-Control","Value":"max-age=31536000, immutable"},{"Name":"Content-Length","Value":"29622"},{"Name":"Content-Type","Value":"image/png"},{"Name":"ETag","Value":"\"YplAxle3uHfVdFsWCHH7oRv8h1fKKLLwP6wDYlhj+gM=\""},{"Name":"Last-Modified","Value":"Thu, 04 Sep 2025 00:57:30 GMT"}],"EndpointProperties":[{"Name":"fingerprint","Value":"mm7kbuecu7"},{"Name":"integrity","Value":"sha256-YplAxle3uHfVdFsWCHH7oRv8h1fKKLLwP6wDYlhj+gM="},{"Name":"label","Value":"brand/snapstep_by_minatolabs_nobg.png"}]},{"Route":"brand/snapstep_by_minatolabs_nobg.png","AssetFile":"brand/snapstep_by_minatolabs_nobg.png","Selectors":[],"ResponseHeaders":[{"Name":"Accept-Ranges","Value":"bytes"},{"Name":"Cache-Control","Value":"no-cache"},{"Name":"Content-Length","Value":"29622"},{"Name":"Content-Type","Value":"image/png"},{"Name":"ETag","Value":"\"YplAxle3uHfVdFsWCHH7oRv8h1fKKLLwP6wDYlhj+gM=\""},{"Name":"Last-Modified","Value":"Thu, 04 Sep 2025 00:57:30 GMT"}],"EndpointProperties":[{"Name":"integrity","Value":"sha256-YplAxle3uHfVdFsWCHH7oRv8h1fKKLLwP6wDYlhj+gM="}]},{"Route":"index.html","AssetFile":"index.html","Selectors":[],"ResponseHeaders":[{"Name":"Accept-Ranges","Value":"bytes"},{"Name":"Cache-Control","Value":"no-cache"},{"Name":"Content-Length","Value":"1099"},{"Name":"Content-Type","Value":"text/html"},{"Name":"ETag","Value":"\"IvrS8ojeUC03dk1hk8OM/NEnu4vAFdOhEFWULHfK0dQ=\""},{"Name":"Last-Modified","Value":"Thu, 04 Sep 2025 02:48:18 GMT"}],"EndpointProperties":[{"Name":"integrity","Value":"sha256-IvrS8ojeUC03dk1hk8OM/NEnu4vAFdOhEFWULHfK0dQ="}]},{"Route":"index.q6fhf9i5kj.html","AssetFile":"index.html","Selectors":[],"ResponseHeaders":[{"Name":"Accept-Ranges","Value":"bytes"},{"Name":"Cache-Control","Value":"max-age=31536000, immutable"},{"Name":"Content-Length","Value":"1099"},{"Name":"Content-Type","Value":"text/html"},{"Name":"ETag","Value":"\"IvrS8ojeUC03dk1hk8OM/NEnu4vAFdOhEFWULHfK0dQ=\""},{"Name":"Last-Modified","Value":"Thu, 04 Sep 2025 02:48:18 GMT"}],"EndpointProperties":[{"Name":"fingerprint","Value":"q6fhf9i5kj"},{"Name":"integrity","Value":"sha256-IvrS8ojeUC03dk1hk8OM/NEnu4vAFdOhEFWULHfK0dQ="},{"Name":"label","Value":"index.html"}]},{"Route":"styles.07ef5nxp9c.css","AssetFile":"styles.css","Selectors":[],"ResponseHeaders":[{"Name":"Accept-Ranges","Value":"bytes"},{"Name":"Cache-Control","Value":"max-age=31536000, immutable"},{"Name":"Content-Length","Value":"3486"},{"Name":"Content-Type","Value":"text/css"},{"Name":"ETag","Value":"\"ZNnRwZXXOZrkBw0Q4C+GH4T7nDoc6dJyl1NcQF4EMSM=\""},{"Name":"Last-Modified","Value":"Thu, 04 Sep 2025 01:38:39 GMT"}],"EndpointProperties":[{"Name":"fingerprint","Value":"07ef5nxp9c"},{"Name":"integrity","Value":"sha256-ZNnRwZXXOZrkBw0Q4C+GH4T7nDoc6dJyl1NcQF4EMSM="},{"Name":"label","Value":"styles.css"}]},{"Route":"styles.css","AssetFile":"styles.css","Selectors":[],"ResponseHeaders":[{"Name":"Accept-Ranges","Value":"bytes"},{"Name":"Cache-Control","Value":"no-cache"},{"Name":"Content-Length","Value":"3486"},{"Name":"Content-Type","Value":"text/css"},{"Name":"ETag","Value":"\"ZNnRwZXXOZrkBw0Q4C+GH4T7nDoc6dJyl1NcQF4EMSM=\""},{"Name":"Last-Modified","Value":"Thu, 04 Sep 2025 01:38:39 GMT"}],"EndpointProperties":[{"Name":"integrity","Value":"sha256-ZNnRwZXXOZrkBw0Q4C+GH4T7nDoc6dJyl1NcQF4EMSM="}]}]}